First Name,Last Name,Auxiliary (Input),URL,Search Info
James,Fazzino,Incitec,https://www.linkedin.com/in/orhan-ogun-7a243833/,"General Manager, Turkey",MAXAM,Turkey
Phillip,Austin,CHEP,https://www.linkedin.com/in/phillipaustin/,"President, CHEP Asia Pacific",Brambles,"Sydney, Australia"
Simon,Atkins,Dyno Nobel,,Not found
Thomas,Rugg,Briggs and Stratton,https://www.linkedin.com/in/thomas-rugg-68013610/,Managing Director - South East Asia & Australasia,Briggs & Stratton,"Sydney, Australia"
Michael,Schai,ARYZTA,https://www.linkedin.com/in/michael-schai-7208509/,Managing Director ARYZTA BAKERIES Asia-Pacific,ARYZTA AG,"Sydney, Australia"
Gregoire,Dupont,Bombardier Recreational Products,,Not found
Conrad,Groenewald,James Hardie Building Products,https://www.linkedin.com/in/conrad-groenewald-b14a5716/,General Manager Asia Pacific,James Hardie Building Products,"Rosehill, Sydney NSW"
Michael,Kane,Boral Building Materials,https://www.linkedin.com/in/michael-kane-b408498/,Chief Executive Officer and Managing Director,Boral,"Sydney, Australia"
Sanjay,Dayal,BlueScope Steel Limited,https://www.linkedin.com/in/sanjay-saraswat-1272544/
Paul,Zuckerman,Fletcher Building,https://www.linkedin.com/in/paul-zuckerman-4a69a24/,Chief Executive Officer,Bradken Limited,"Mayfield West, New South Wales"
Greg,Friberg,Graincorp,,Not found
David,Morris,Cochlear,https://www.linkedin.com/in/david-morris-1717ba23/
Greg,Kilmister,Als Global,,Not found
Enda,Sheridan,Bradken,https://www.linkedin.com/in/enda-sheridan-b2b68a47/,General Manager Corporate Development,Bradken Limited,"Newcastle, Australia"
Brent,Barnes,Cochlear,https://www.linkedin.com/in/barnesb1au/
Michael,O'Keeffe,Aesop,https://www.linkedin.com/in/michaelaokeeffe/,"['Chief Executive Officer', 'Aesop', 'Melbourne, Australia']"
Garth,Smithers,Applied Medical,https://www.linkedin.com/in/garthsmithers/,Principal Consultant,Ironbark Medical,"Brisbane, Australia"
Steve,Saboune,Deb Group,https://www.linkedin.com/in/steve-saboune-613850b/,"CEO, Australasia and South East Asia",Deb Group,Sydney
Kevin,Marr,Carel Asia,https://www.linkedin.com/in/kevin-marr-5a312328/
Jonathan,Lettin,Corin Group,https://www.linkedin.com/in/jonathan-lettin-32520a16/,VP Commercial and Business development,Corin Group PLC,"Gloucester, United Kingdom"
Danny,O'Driscoll,Invicare Asia Pacific,,Not found
Simon,Bottomley,EJ Company,,Not found
James,Aartsen,Brenntag asia,https://www.linkedin.com/in/james-aartsen-1530905a/
Dig,Howitt,Cochlear Limited,,Not found
Jim,Clayton,Breville Group,https://www.linkedin.com/in/jim-clayton-19544/,CEO,Breville Group Limited,"Sydney, Australia"
Chris,Travis,Breville,https://www.linkedin.com/in/chris-travis-95a585a/,Global Business Manager - Food Preparation,Breville Australia,"Sydney, Australia"
Pankaj,Kedia,Dolby Laboratories,https://www.linkedin.com/in/pankajkediaautodesk/
Sylva,Bardzamian,Baxter Biosurgery,https://www.linkedin.com/in/sylva-bardzamian-7447a615/
John,Wan,CHEP,https://www.linkedin.com/in/john-wan-a817839/,"President, CHEP Asia",Brambles,"Shanghai City, China"
Catherine,Ruspino,Breville Group,https://www.linkedin.com/in/catherineruspino/,Global Business Manager,Breville Group,"Sydney, Australia"
Naresh,Wadhwa,Arista Networks,https://www.linkedin.com/in/naresh-wadhwa-00568a/
Vinay,Dixit,Electrolux,https://www.linkedin.com/in/vinaydixit/
Simon,Lee,Fluke Corporation,https://www.linkedin.com/in/simon-lee-a06ba67/,"Area Vice President - Japan & Asia Pacific,Construction and Engineering Global Business Unit",Oracle,Singapore
Brian,Wong,Gardner Denver,,Not found
Alan,Ong,INC Research,https://www.linkedin.com/in/alan-ong-34142222/,Executive VP Asia Pacific,INC Research,Singapore
Neil,Fiske,Billabong Company,,Not found
Ram,Prakash Tripathi,Ceragon,https://www.linkedin.com/in/ram-prakash-tripathi-94849434/
Andrew,Bond-Webster,Infinera,https://www.linkedin.com/in/andrew-bond-webster-2359874/,VIce President Sales Asia Pacific,Infinera,Singapore
Jan-Jaap,Jager,Acronis,https://www.linkedin.com/in/jjjager/
Leslie,Choo,ACI Worldwide,https://www.linkedin.com/in/leslie-choo-2b53a01/,Vice President & GM - Asia,ACI Worldwide,UNKNOWN LOCATION
Hans,Chuang,Altera Corporation,https://www.linkedin.com/in/hans-chuang-893207/,Vice President,Intel Corporation,Hong Kong
Arthur,Bastings,Discovery Communications,https://www.linkedin.com/in/arthur-bastings-a60b142a/
Hongjin,Min,Charles River Laboratories,https://www.linkedin.com/in/hongjin-min-b9148148/,"Senior Managaing Director, Microbial Solutions Asia Pacific",Charles River Laboratories,UNKNOWN LOCATION
Joel,Katz,Filemaker,https://www.linkedin.com/in/joeldkatz/
Richard,Hill,Charles River Laboratories,https://www.linkedin.com/in/richard-hill-b1a30114/,Senior Accounts Payable Administrator,Charles River Laboratories,"Wilmington, MA."
Mark,Lee,Waukesha Bearings,https://www.linkedin.com/in/mark-lee-21366914/,Senior Vice President and General Manager,CSW Industrials Inc.,"Houston, Texas Area"
Mathias,Miedreich,Faurecia Emission Technology,https://www.linkedin.com/in/mathias-miedreich-1a34903/,Vice President Europe,Faurecia Clean Mobility,"Augsburg Area, Germany"
Yasuhiro,Iida,Denso Corporation,,Not found
